[{"id":1,"name":"王智杰","count":0},{"id":2,"name":"熊妍","count":0},{"id":3,"name":"詹宏翊","count":0},{"id":4,"name":"尹坚","count":0},{"id":5,"name":"刘孟涵","count":0},{"id":6,"name":"朱英豪","count":0},{"id":7,"name":"刘晓静","count":0},{"id":8,"name":"谷玉辉","count":0},{"id":9,"name":"莫金莲","count":0},{"id":10,"name":"林靖涵","count":0},{"id":11,"name":"张盼盼","count":1},{"id":12,"name":"郭倩","count":0},{"id":13,"name":"钟凯滨","count":0},{"id":14,"name":"冯家欢","count":0},{"id":15,"name":"熊恩华","count":1},{"id":16,"name":"刘文锐","count":1},{"id":17,"name":"刘聪","count":0},{"id":18,"name":"黄颖怡","count":0},{"id":19,"name":"蒋青青","count":0},{"id":20,"name":"林晖","count":1},{"id":21,"name":"陈泽灏","count":0},{"id":22,"name":"刘继越","count":0},{"id":23,"name":"罗晓烨","count":0},{"id":24,"name":"向会南","count":0},{"id":25,"name":"唐翔世","count":0},{"id":26,"name":"徐鹏","count":1},{"id":27,"name":"卜鹏程","count":0},{"id":28,"name":"赵非凡","count":0},{"id":29,"name":"李裕航","count":0},{"id":30,"name":"王星星","count":0},{"id":31,"name":"何静","count":0},{"id":32,"name":"张全福","count":0},{"id":33,"name":"刘彦君","count":1},{"id":34,"name":"郭科显","count":0},{"id":35,"name":"陈剑武","count":0},{"id":36,"name":"况青","count":0},{"id":37,"name":"卢文彬","count":0},{"id":38,"name":"骆斌","count":0},{"id":39,"name":"戴江明","count":0},{"id":40,"name":"张军","count":0},{"id":41,"name":"唐艳玲","count":0},{"id":42,"name":"张盼","count":0},{"id":43,"name":"邓绍雄","count":1},{"id":44,"name":"陈辉箫","count":0},{"id":45,"name":"杨林","count":0},{"id":46,"name":"张慧宁","count":0},{"id":47,"name":"张霞","count":0},{"id":48,"name":"兰翅","count":0},{"id":49,"name":"廖成龙","count":0},{"id":50,"name":"李凯威","count":0},{"id":51,"name":"夏康峻","count":1},{"id":52,"name":"劳振宁","count":0},{"id":53,"name":"周良文","count":0},{"id":54,"name":"刘玮","count":1},{"id":55,"name":"刘子聪","count":0},{"id":56,"name":"周智斌","count":0},{"id":57,"name":"廖伟鹏","count":0},{"id":58,"name":"曾心怡","count":0},{"id":59,"name":"雷正清","count":0},{"id":60,"name":"龚朝禄","count":1},{"id":61,"name":"覃铭隆","count":0},{"id":62,"name":"马涛","count":0},{"id":63,"name":"钟文政","count":0},{"id":64,"name":"于霈","count":0},{"id":65,"name":"廖雅彤","count":0},{"id":66,"name":"刘莹","count":0},{"id":67,"name":"肖承川","count":0},{"id":68,"name":"胡晓峰","count":0},{"id":69,"name":"汪钦翔","count":0},{"id":70,"name":"黄阮锋","count":0},{"id":71,"name":"陈冠铮","count":1},{"id":72,"name":"贝俊城","count":0},{"id":73,"name":"阮伟成","count":1},{"id":74,"name":"刘湘林","count":0},{"id":75,"name":"练仟龙","count":0},{"id":76,"name":"韩强","count":0},{"id":77,"name":"许创伟","count":0},{"id":78,"name":"纪犇","count":0},{"id":79,"name":"龙振华","count":0},{"id":80,"name":"王志鹏","count":0},{"id":81,"name":"唐洪钟","count":0},{"id":82,"name":"李冰棋","count":0},{"id":83,"name":"罗钊德","count":0},{"id":84,"name":"吴宏华","count":0},{"id":85,"name":"黄柏钦","count":0},{"id":86,"name":"邓德君","count":0},{"id":87,"name":"张璇","count":1},{"id":88,"name":"李安军","count":0},{"id":89,"name":"刘军","count":0},{"id":90,"name":"张强","count":0},{"id":91,"name":"张世奎","count":0},{"id":92,"name":"赖环","count":0},{"id":93,"name":"李鸿鑫","count":0},{"id":94,"name":"赖宏伟","count":1},{"id":95,"name":"黄梓豪","count":0},{"id":96,"name":"邓英杰","count":0},{"id":97,"name":"张嘉琦","count":0},{"id":98,"name":"许昆鹏","count":1},{"id":99,"name":"孙伟","count":0},{"id":100,"name":"卢天伦","count":0},{"id":101,"name":"陈文涛","count":0},{"id":102,"name":"宋忠平","count":0}]