[
  {
    "title": "BOP三丽鸥甜酷系列；毕生之研厚脸皮乳霜；野兽派熊猫噗噗香薰机... | 新品速递",
    "pic_url": "https://a.zdmimg.com/202207/18/62d50cc33b50f1894.jpg_c350.jpg",
    "publish_time": 1658136953000,
    "nickname": "KEV美妆圈",
    "comment_count": 20,
    "avatar": "https://avatarimg.smzdm.com/default/5865692474/5fc064dc1382a-small.jpg"
  },
  {
    "title": "网传丨英特尔 5 款“锐炫”独显对标AMD/NVIDIA 显卡情况曝光",
    "pic_url": "https://qna.smzdm.com/202207/18/62d5200f845916478.jpg_c350.jpg",
    "publish_time": 1658136718000,
    "nickname": "玩家直呼内行",
    "comment_count": 32,
    "avatar": "https://avatarimg.smzdm.com/default/7281042427/5f34cfaa14465-small.jpg"
  },
  {
    "title": "雷神公布全新 911MT 虎将游戏本：联名故宫打造、12代i9+RTX 3050 Ti",
    "pic_url": "https://qna.smzdm.com/202207/18/62d510ed183773441.jpg_c350.jpg",
    "publish_time": 1658135455000,
    "nickname": "PC物语",
    "comment_count": 8,
    "avatar": "https://avatarimg.smzdm.com/default/1175861656/60af389c0061f-small.jpg"
  },
  {
    "title": "昂达推出新款 B660SD4 主板：双M.2接口、全白PCB板设计",
    "pic_url": "https://qna.smzdm.com/202207/18/62d51b9fccc4e5111.jpg_c350.jpg",
    "publish_time": 1658135422000,
    "nickname": "玩家直呼内行",
    "comment_count": 50,
    "avatar": "https://avatarimg.smzdm.com/default/7281042427/5f34cfaa14465-small.jpg"
  },
  {
    "title": "联力推出鬼斧 2 代机箱：散热升级、12个硬盘位、支持RGB",
    "pic_url": "https://a.zdmimg.com/202207/18/62d51dc8932646938.png_c350.jpg",
    "publish_time": 1658135391000,
    "nickname": "玩家直呼内行",
    "comment_count": 1,
    "avatar": "https://avatarimg.smzdm.com/default/7281042427/5f34cfaa14465-small.jpg"
  },
  {
    "title": "一年一限量：希思黎「凤舞莺歌」全能乳液，不愧是经典的天花板！",
    "pic_url": "https://a.zdmimg.com/202207/18/62d4cf72aafcd1382.jpg_c350.jpg",
    "publish_time": 1658134800000,
    "nickname": "美妆范儿",
    "comment_count": 3,
    "avatar": "https://avatarimg.smzdm.com/default/1953537390/5f3b93e7a78b7-small.jpg"
  },
  {
    "title": "预热丨努比亚 Z40S Pro 将搭载旗舰级 X 轴线性马达，还有航天级散热材料",
    "pic_url": "https://qna.smzdm.com/202207/18/62d51c3bb51d22475.png_c350.jpg",
    "publish_time": 1658134506000,
    "nickname": "PhoneTalk",
    "comment_count": 7,
    "avatar": "https://avatarimg.smzdm.com/default/4077360552/60af997ef234e-small.jpg"
  },
  {
    "title": "活久见系列：再次拥有科比同款的机会，adidas Crazy 1 Stormtrooper 即将复刻返场",
    "pic_url": "https://qna.smzdm.com/202207/18/62d5131ebb4bd8209.png_c350.jpg",
    "publish_time": 1658134445000,
    "nickname": "运动源",
    "comment_count": 62,
    "avatar": "https://avatarimg.smzdm.com/default/2437093038/5f489c5f200d7-small.jpg"
  },
  {
    "title": "小米电视ES Pro今日开售：多尺寸可选，支持双120Hz、HDMI2.1、VRR",
    "pic_url": "https://a.zdmimg.com/202207/18/62d515953ee837535.png_c350.jpg",
    "publish_time": 1658132779000,
    "nickname": "家电酵母",
    "comment_count": 48,
    "avatar": "https://avatarimg.smzdm.com/default/1796354881/623ac669ceeb3-small.jpg"
  },
  {
    "title": "跑鞋前沿62：矮子乐hoka 的旗舰级跑鞋 Bondi 邦代 8 和竞训跑鞋 Mach马赫5 都更新了神秘中底",
    "pic_url": "https://qna.smzdm.com/202207/18/62d509b1332b36486.png_c350.jpg",
    "publish_time": 1658132460000,
    "nickname": "跑者RUNNER",
    "comment_count": 29,
    "avatar": "https://avatarimg.smzdm.com/default/6355517465/6018ff73df615-small.jpg"
  },
  {
    "title": "跑鞋前沿61：帮你真正入门的慢跑鞋，李宁越影2.0发布",
    "pic_url": "https://a.zdmimg.com/202207/18/62d50fca6fd001756.png_c350.jpg",
    "publish_time": 1658132091000,
    "nickname": "跑者RUNNER",
    "comment_count": 2,
    "avatar": "https://avatarimg.smzdm.com/default/6355517465/6018ff73df615-small.jpg"
  },
  {
    "title": "东风EV新能源纳米BOX上市 售6.57万起",
    "pic_url": "https://a.zdmimg.com/202207/18/62d50d53848d77366.jpg_c350.jpg",
    "publish_time": 1658132033000,
    "nickname": "汽车小小值",
    "comment_count": 45,
    "avatar": "https://avatarimg.smzdm.com/default/4595480055/5d15aca1a4fae-small.jpg"
  },
  {
    "title": "海盗船推出新款 HXi 系列电源：全模组数字电路、白金认证",
    "pic_url": "https://qna.smzdm.com/202207/18/62d4fc0ee1e2f7485.png_c350.jpg",
    "publish_time": 1658131978000,
    "nickname": "玩家直呼内行",
    "comment_count": 1,
    "avatar": "https://avatarimg.smzdm.com/default/7281042427/5f34cfaa14465-small.jpg"
  },
  {
    "title": "赛睿推出新款 Apex Pro Mini 机械键盘：可调节触发键程、紧凑型60%设计",
    "pic_url": "https://a.zdmimg.com/202207/18/62d5003fb4f4e9536.png_c350.jpg",
    "publish_time": 1658131470000,
    "nickname": "键艺师",
    "comment_count": 0,
    "avatar": "https://avatarimg.smzdm.com/default/1592286276/60af37ebaf746-small.jpg"
  },
  {
    "title": "网传丨搭载 M2 Pro 、M2 Max 的新 MacBok Pro 最快秋季到",
    "pic_url": "https://qna.smzdm.com/202207/18/62d50277a16f97716.jpg_c350.jpg",
    "publish_time": 1658128063000,
    "nickname": "玩家之道",
    "comment_count": 10,
    "avatar": "https://avatarimg.smzdm.com/default/9573871417/60af5891cd46f-small.jpg"
  },
  {
    "title": "市场丨Q2季度HDD机械硬盘出货量骤降，被SSD取代只是时间问题",
    "pic_url": "https://a.zdmimg.com/202207/18/62d5008120e747481.jpg_c350.jpg",
    "publish_time": 1658128042000,
    "nickname": "玩家直呼内行",
    "comment_count": 2,
    "avatar": "https://avatarimg.smzdm.com/default/7281042427/5f34cfaa14465-small.jpg"
  },
  {
    "title": "IQOO 10 系列官宣采用自研芯片 V1+：将显著提升帧率表现",
    "pic_url": "https://qna.smzdm.com/202207/18/62d4f9ca5e3474619.jpg_c350.jpg",
    "publish_time": 1658126710000,
    "nickname": "PhoneTalk",
    "comment_count": 1,
    "avatar": "https://avatarimg.smzdm.com/default/4077360552/60af997ef234e-small.jpg"
  },
  {
    "title": "理想L9空气弹簧质保方案升级 打消顾虑",
    "pic_url": "https://a.zdmimg.com/202207/18/62d4f49aee4fc6993.jpg_c350.jpg",
    "publish_time": 1658123871000,
    "nickname": "汽车小小值",
    "comment_count": 51,
    "avatar": "https://avatarimg.smzdm.com/default/4595480055/5d15aca1a4fae-small.jpg"
  },
  {
    "title": "即日起限量发售：购肯德基指定套餐，获KFC限定版猫玩具",
    "pic_url": "https://a.zdmimg.com/202207/18/62d4f223a44c82817.gif_c350.jpg",
    "publish_time": 1658123449000,
    "nickname": "宠物圈",
    "comment_count": 9,
    "avatar": "https://avatarimg.smzdm.com/default/8802085322/5b9795d6e3a1f-small.jpg"
  },
  {
    "title": "钛度推出新款 MiniLED 电竞显示器：27英寸2K 165Hz屏、DCI-P3色域覆盖",
    "pic_url": "https://qna.smzdm.com/202207/18/62d4d93bed43e209.png_c350.jpg",
    "publish_time": 1658120536000,
    "nickname": "玩家直呼内行",
    "comment_count": 7,
    "avatar": "https://avatarimg.smzdm.com/default/7281042427/5f34cfaa14465-small.jpg"
  }
]
